{
	"description": "项目配置文件",
	"packOptions": {
		"ignore": []
	},
	"setting": {
		"urlCheck": false,
		"es6": true,
		"postcss": true,
		"minified": true,
		"newFeature": true,
		"coverView": true,
		"autoAudits": true,
		"checkInvalidKey": true,
		"checkSiteMap": true,
		"uploadWithSourceMap": true,
		"babelSetting": {
			"ignore": [],
			"disablePlugins": [],
			"outputPath": ""
		},
		"showShadowRootInWxmlPanel": true,
		"scopeDataCheck": false
	},
	"compileType": "miniprogram",
	"libVersion": "2.10.1",
	"appid": "wxae80c2472ba27081",
	"projectname": "%E5%8C%97%E6%B5%B7%E5%9B%A2%E8%B4%AD",
	"debugOptions": {
		"hidedInDevtools": []
	},
	"isGameTourist": false,
	"simulatorType": "wechat",
	"simulatorPluginLibVersion": {},
	"condition": {
		"search": {
			"current": -1,
			"list": []
		},
		"conversation": {
			"current": -1,
			"list": []
		},
		"plugin": {
			"current": -1,
			"list": []
		},
		"game": {
			"currentL": -1,
			"list": []
		},
		"gamePlugin": {
			"current": -1,
			"list": []
		},
		"miniprogram": {
			"current": -1,
			"list": [
				{
					"id": -1,
					"name": "门店管理",
					"pathName": "pages/member/info/index",
					"query": "",
					"scene": null
				},
				{
					"id": 1,
					"name": "提现",
					"pathName": "pages/member/shop/withdraw/withdraw/index",
					"query": "type=1",
					"scene": null
				},
				{
					"id": -1,
					"name": "个人中心",
					"pathName": "pages/tabBar/user/index",
					"query": "",
					"scene": null
				},
				{
					"id": 3,
					"name": "佣金",
					"pathName": "pages/tabBar/user/invite/invite",
					"query": "",
					"scene": null
				},
				{
					"id": -1,
					"name": "佣金记录",
					"pathName": "pages/member/shop/withdraw/record/index",
					"query": "shp_id=1",
					"scene": null
				},
				{
					"id": -1,
					"name": "商家中心-商品管理",
					"pathName": "pages/member/goods/index",
					"query": "",
					"scene": null
				},
				{
					"id": -1,
					"name": "pages/details/index",
					"pathName": "pages/details/index",
					"query": "id=244",
					"scene": null
				},
				{
					"id": -1,
					"name": "pages/purchase/index",
					"pathName": "pages/purchase/index",
					"query": "queryObj=%257B%2522is_store%2522%253A2%252C%2522way_status%2522%253A1%252C%2522products%2522%253A%255B%257B%2522goods_id%2522%253A242%252C%2522shop_id%2522%253A0%252C%2522line_price%2522%253A%2522269.00%2522%252C%2522mark%2522%253A242%252C%2522name%2522%253A%2522%25E5%25AF%258C%25E8%25B4%25B5%25E9%25B8%259F%25E8%25A1%25A3%25E6%259C%258D%2522%252C%2522totalBuyNum%2522%253A1%252C%2522price%2522%253A%2522198.00%2522%252C%2522images_url%2522%253A%2522https%253A%252F%252Fkedand.oss-cn-beijing.aliyuncs.com%252Fvideo%252F20200322%252F20200322155308_lipn.png%2522%252C%2522selected%2522%253Afalse%252C%2522moveState%2522%253Afalse%252C%2522head_price%2522%253A%25220.00%2522%252C%2522manager_price%2522%253A%25220.00%2522%257D%255D%252C%2522isFromCart%2522%253Atrue%252C%2522isFormProductDetail%2522%253Afalse%257D",
					"scene": null
				},
				{
					"id": -1,
					"name": "收货地址",
					"pathName": "pages/purchase/address/index",
					"query": "",
					"scene": null
				},
				{
					"id": -1,
					"name": "添加编辑收货人信息",
					"pathName": "pages/purchase/address/submit/index",
					"query": "",
					"scene": null
				},
				{
					"id": -1,
					"name": "地址",
					"pathName": "pages/purchase/address/index",
					"query": "",
					"scene": null
				},
				{
					"id": 11,
					"name": "商家下单",
					"pathName": "pages/member/shop/purchase/index",
					"query": "shop_id=1",
					"scene": null
				},
				{
					"id": -1,
					"name": "小区",
					"pathName": "pages/location/communitySearch/index",
					"query": "",
					"scene": null
				},
				{
					"id": -1,
					"name": "添加地址",
					"pathName": "pages/location/add/index",
					"query": "",
					"scene": null
				}
			]
		}
	}
}